escenario,idx_caso,variable,nombre_legible,lime_peso_medio,lime_peso_std,shap_local,shap_std
coste1,3665,es_centinela_pastdue,Centinela mora (flag),-0.1002738450515928,0.0306419731340996,-0.006605101749300957,0.0
coste1,3665,NumberOfTimes90DaysLate,N. impagos 90+ dias,0.1754993772616135,0.0104993457457013,2.1110053062438965,0.0
coste1,3665,NumberOfTime60-89DaysPastDueNotWorse,N. moras 60-89 dias,0.0750305252203113,0.0098313905131616,1.3951069116592407,0.0
coste1,3665,age,Edad,0.0276433820302925,0.003272588274553,0.032181158661842346,0.0
coste1,3665,NumberOfOpenCreditLinesAndLoans,N. lineas de credito abiertas,-0.0117308589902836,0.0022171537655183,0.02041737735271454,0.0
coste1,3665,NumberOfDependents,N. dependientes,0.0043839970972712,0.0020127176178206,0.3863852024078369,0.0
coste1,3665,is_missing_monthlyincome,Ingreso ausente (flag),0.0018762411286353,0.0018455094664609,0.004550239536911249,0.0
coste1,3665,DebtRatio,Ratio de deuda,0.0022640459540902,0.0017620855173849,-0.06191498041152954,0.0
coste1,3665,NumberOfTime30-59DaysPastDueNotWorse,N. moras 30-59 dias,0.0526581087255111,0.0016548628647454,0.3390067517757416,0.0
coste1,3665,NumberRealEstateLoansOrLines,N. hipotecas/lineas inmob.,-0.0030406001982838,0.0015202971834194,-0.0028251856565475464,0.0
coste1,3665,MonthlyIncome,Ingreso mensual,0.0028298956850956,0.0014688188052923,0.054319724440574646,0.0
coste1,3665,RevolvingUtilizationOfUnsecuredLines,Utilizacion de credito revolving,-0.034834589036034,0.0014050514277935,-0.5896721482276917,0.0
coste1,11076,es_centinela_pastdue,Centinela mora (flag),-0.1063906718361997,0.0308446863860017,-0.011589215137064457,0.0
coste1,11076,NumberOfTimes90DaysLate,N. impagos 90+ dias,0.1750325715927609,0.0110130117138806,1.8135607242584229,0.0
coste1,11076,NumberOfTime60-89DaysPastDueNotWorse,N. moras 60-89 dias,-0.0731051524724886,0.0091436103106931,-0.08079564571380615,0.0
coste1,11076,age,Edad,0.0271041799979817,0.0023499027375116,0.14539875090122223,0.0
coste1,11076,NumberOfOpenCreditLinesAndLoans,N. lineas de credito abiertas,-0.0120474940816686,0.0021060324096274,-0.0948888286948204,0.0
coste1,11076,RevolvingUtilizationOfUnsecuredLines,Utilizacion de credito revolving,0.0744702190405537,0.0018812364797684,0.6847637295722961,0.0
coste1,11076,DebtRatio,Ratio de deuda,-0.0098559775961409,0.0016902663744531,-0.10006778687238693,0.0
coste1,11076,is_missing_monthlyincome,Ingreso ausente (flag),0.0011544663445023,0.0014974676327445,0.002530008088797331,0.0
coste1,11076,NumberOfTime30-59DaysPastDueNotWorse,N. moras 30-59 dias,0.0531462820502028,0.0014295482827828,0.3640284240245819,0.0
coste1,11076,NumberOfDependents,N. dependientes,-0.0028585714818889,0.0013149044092324,-0.04846203699707985,0.0
coste1,11076,NumberRealEstateLoansOrLines,N. hipotecas/lineas inmob.,-0.0017837477087173,0.0011550727003762,-0.015809601172804832,0.0
coste1,11076,MonthlyIncome,Ingreso mensual,0.0030315889584005,0.001129755345158,0.03413869068026543,0.0
coste1,19825,es_centinela_pastdue,Centinela mora (flag),-0.1084179141587358,0.0327093638135059,-0.009001580998301506,0.0
coste1,19825,NumberOfTimes90DaysLate,N. impagos 90+ dias,-0.1752032591473498,0.0107925199286057,-0.21571846306324005,0.0
coste1,19825,NumberOfTime60-89DaysPastDueNotWorse,N. moras 60-89 dias,-0.0733540699522008,0.0095060786449516,-0.1135445162653923,0.0
coste1,19825,NumberOfOpenCreditLinesAndLoans,N. lineas de credito abiertas,0.0223351427312537,0.0029961474551594,0.9245153069496155,0.0
coste1,19825,DebtRatio,Ratio de deuda,0.0128262956838021,0.0024642153761993,0.4729102551937103,0.0
coste1,19825,age,Edad,0.0273853980755552,0.0020159832963009,0.3030746877193451,0.0
coste1,19825,RevolvingUtilizationOfUnsecuredLines,Utilizacion de credito revolving,0.0755385106971163,0.0016004072123347,0.9638541340827942,0.0
coste1,19825,NumberOfTime30-59DaysPastDueNotWorse,N. moras 30-59 dias,0.0542154760180127,0.00121066384151,0.9602412581443787,0.0
coste1,19825,NumberOfDependents,N. dependientes,-0.0029111259092298,0.0011902298589225,-0.022116880863904953,0.0
coste1,19825,NumberRealEstateLoansOrLines,N. hipotecas/lineas inmob.,0.0016112553148024,0.0011570631593714,-0.021489620208740234,0.0
coste1,19825,is_missing_monthlyincome,Ingreso ausente (flag),0.0017304557270529,0.0010604763290964,0.009833821095526218,0.0
coste1,19825,MonthlyIncome,Ingreso mensual,0.0109886673666854,0.0007153116891361,0.11860773712396622,0.0
coste10,976,es_centinela_pastdue,Centinela mora (flag),-0.1067243713753942,0.0356680815872456,-0.014323017559945583,0.0
coste10,976,NumberOfTimes90DaysLate,N. impagos 90+ dias,-0.1746060126813135,0.0099578057099892,-0.2623390853404999,0.0
coste10,976,NumberOfTime60-89DaysPastDueNotWorse,N. moras 60-89 dias,-0.0726967336839585,0.0088209764093043,-0.1275806725025177,0.0
coste10,976,NumberOfOpenCreditLinesAndLoans,N. lineas de credito abiertas,0.0212455852375099,0.0032615748025601,0.2522737383842468,0.0
coste10,976,DebtRatio,Ratio de deuda,0.0121473973496419,0.0024659658759811,0.26515451073646545,0.0
coste10,976,RevolvingUtilizationOfUnsecuredLines,Utilizacion de credito revolving,0.0736915382005811,0.0019119474176647,0.8416786193847656,0.0
coste10,976,NumberOfDependents,N. dependientes,0.0030056964370141,0.0015232268339728,0.033053457736968994,0.0
coste10,976,NumberOfTime30-59DaysPastDueNotWorse,N. moras 30-59 dias,-0.052719577210557,0.0013103323681558,-0.2620273232460022,0.0
coste10,976,NumberRealEstateLoansOrLines,N. hipotecas/lineas inmob.,0.0012810872926802,0.001274436341748,-0.022455567494034767,0.0
coste10,976,is_missing_monthlyincome,Ingreso ausente (flag),0.0015491113705315,0.0009914471689569,0.012616042979061604,0.0
coste10,976,age,Edad,0.0058064945677364,0.0006769597526264,0.08428053557872772,0.0
coste10,976,MonthlyIncome,Ingreso mensual,-0.008201760959207,0.0006055625589049,-0.11375351250171661,0.0
coste10,14834,es_centinela_pastdue,Centinela mora (flag),-0.096030554171039,0.0297234826923128,-0.005931980442255735,0.0
coste10,14834,NumberOfTimes90DaysLate,N. impagos 90+ dias,-0.1741083339655661,0.0105534455798974,-0.17382203042507172,0.0
coste10,14834,NumberOfTime60-89DaysPastDueNotWorse,N. moras 60-89 dias,0.0727471438540685,0.0097682776324755,1.0147182941436768,0.0
coste10,14834,NumberOfOpenCreditLinesAndLoans,N. lineas de credito abiertas,0.020306884895559,0.0035541440319504,0.3034907877445221,0.0
coste10,14834,RevolvingUtilizationOfUnsecuredLines,Utilizacion de credito revolving,-0.0330230380767416,0.0020431957233431,-0.517824649810791,0.0
coste10,14834,NumberOfDependents,N. dependientes,0.0031935778421547,0.0020036639323159,0.004718407988548279,0.0
coste10,14834,is_missing_monthlyincome,Ingreso ausente (flag),0.0016532073426069,0.0016548147485176,0.012301689013838768,0.0
coste10,14834,NumberRealEstateLoansOrLines,N. hipotecas/lineas inmob.,0.0018713316774806,0.0016013659313648,-0.017706861719489098,0.0
coste10,14834,DebtRatio,Ratio de deuda,-0.0049723477661686,0.0015412656998678,0.07487265020608902,0.0
coste10,14834,age,Edad,0.0058313132264444,0.0013004984261939,0.08517114818096161,0.0
coste10,14834,MonthlyIncome,Ingreso mensual,0.0024386656339475,0.0012506711938204,0.06298453360795975,0.0
coste10,14834,NumberOfTime30-59DaysPastDueNotWorse,N. moras 30-59 dias,0.0518551152469285,0.0012264166555912,0.8746595978736877,0.0
coste10,17133,es_centinela_pastdue,Centinela mora (flag),-0.104467786463663,0.0335310902356974,-0.008981430903077126,0.0
coste10,17133,NumberOfTimes90DaysLate,N. impagos 90+ dias,-0.1751708499778685,0.0105573220485171,-0.217804953455925,0.0
coste10,17133,NumberOfTime60-89DaysPastDueNotWorse,N. moras 60-89 dias,-0.0729060851492477,0.0096740146645437,-0.11923250555992126,0.0
coste10,17133,NumberOfOpenCreditLinesAndLoans,N. lineas de credito abiertas,0.0217386543870964,0.0032379849475952,0.29717737436294556,0.0
coste10,17133,DebtRatio,Ratio de deuda,0.0125342285827501,0.0026425918151719,0.33060717582702637,0.0
coste10,17133,RevolvingUtilizationOfUnsecuredLines,Utilizacion de credito revolving,0.0748829612490634,0.0019408083453498,0.7447504997253418,0.0
coste10,17133,NumberOfDependents,N. dependientes,0.0032475742466462,0.0015659510146188,0.0024827865418046713,0.0
coste10,17133,MonthlyIncome,Ingreso mensual,-0.0045781085955927,0.0014740740900489,-0.056248124688863754,0.0
coste10,17133,NumberOfTime30-59DaysPastDueNotWorse,N. moras 30-59 dias,0.0533809356546932,0.0014415607280272,1.1536468267440796,0.0
coste10,17133,NumberRealEstateLoansOrLines,N. hipotecas/lineas inmob.,0.0014674677278083,0.0013261236902096,-0.019498083740472794,0.0
coste10,17133,is_missing_monthlyincome,Ingreso ausente (flag),-0.0012602847646502,0.0010882615899327,-0.049327652901411057,0.0
coste10,17133,age,Edad,0.0058595480933092,0.0005709268305698,0.026500532403588295,0.0
